Bank,Headquarters,Established,Owned by / Subsidiary of
86400 Limited,Sydney,2019,
AMP Bank,Sydney,1849,
Australia & New Zealand Banking Group (ANZ),Melbourne,1835,
Australian Military Bank (previously Australian Defence Credit Union),Sydney,1959,
Australian Settlements Limited (ASL),Canberra,1993,
Auswide Bank formerly Wide Bay Building Society,Bundaberg,1966,
Bank Australia (previously Bankmecu),Melbourne,1957,
BankFirst,Melbourne,1972,
Bank of Melbourne,Melbourne,2011,Subsidiary of Westpac
Bank of Queensland,Brisbane,1863,
BankSA,Adelaide,1848,Subsidiary of Westpac
BankVic,Melbourne,1974,
Bankwest,Perth,1895,Subsidiary of the Commonwealth Bank
Bendigo & Adelaide Bank,Bendigo,1858,
Beyond Bank Australia,Adelaide,2008,
Clean Energy Finance Corporation,Sydney,2012,Owned by the Australian Government
Commonwealth Bank,Sydney,1911,
Defence Bank,Melbourne,1975,
Delphi Bank (previously Bank of Cyprus Australia),Melbourne,2000,Division of Bendigo & Adelaide Bank
Endeavour Mutual Bank,Sydney,1953,
Gateway Bank,Sydney,1955,
G&C Mutual Bank,Sydney,1959,
Greater Bank,Newcastle,1945,
Heritage Bank,Toowoomba,1875,
Hume Bank,Albury,1955,
IMB Bank,Wollongong,1880,
Macquarie Bank,Sydney,1969,
ME Bank,Melbourne,1994,
MyLife MyFinance,Melbourne,2016,
MyState Bank,Hobart,2009,
National Australia Bank,Melbourne,1982,
Newcastle Permanent Building Society,Newcastle,1903,
P&N Bank,Perth,1990,
Police Bank,Sydney,1964,
QBank,Brisbane,1964,
Qudos Bank,Sydney,1959,
RACQ Bank,Brisbane,1965,Owned by Royal Automobile Club of Queensland
Regional Australia Bank,Armidale,1969,
Rural Bank (previously Elders Rural Bank),Melbourne,2000,Subsidiary of Bendigo & Adelaide Bank
St George Bank,Sydney,1992,Subsidiary of Westpac
Suncorp Bank,Brisbane,1902,
Teachers Mutual Bank,Sydney,1966,
Tyro Payments,Sydney,2003,
UBank,Melbourne,2008,Division of National Australia Bank
Unity Bank,Sydney,1970,
Up[3],Melbourne,2018,Subsidiary of Bendigo & Adelaide Bank
Volt Bank,Sydney,2018,
Westpac (previously Bank of New South Wales),Sydney,1817,
Australian Central Credit Union Ltd (t/a People's Choice Credit Union),,,
Australian Military Bank Ltd,,,
B & E Limited,,,
Bananacoast Community Credit Union Ltd,,,
Bankstown City Credit Union Ltd,,,
Big Sky Building Society Ltd,,,
Broken Hill Community Credit Union Ltd,,,
Cairns Penny Savings & Loans Ltd,,,
CAPE Credit Union Ltd,,,
Central Murray Credit Union Ltd,,,
Central West Credit Union Ltd,,,
Coastline Credit Union Ltd,,,
"Community Alliance Credit Union Ltd (t/a Illawarra Credit Union, Western City Credit Union, Catalyst)",,,
Community CPS Australia Ltd (t/a Beyond Bank Australia),,,
Community First Credit Union Ltd,,,
Community Mutual Limited,,,
Country First Credit Union Ltd,,,
Credit Union Australia Ltd,,,
Credit Union SA Ltd,,,
Dnister Ukrainian Credit Co-operative Ltd,,,
ECU Limited,,,
EECU Limited,,,
Family First Credit Union Ltd,,,
Fire Brigades Employees' Credit Union Ltd,,,
Fire Service Credit Union Ltd,,,
Firefighters & Affiliates Credit Co-Operative Ltd,,,
First Choice Credit Union Ltd,,,
First Option Credit Union Ltd,,,
Ford Co-Operative Credit Society Ltd now Geelong Bank,,,
Goulburn Murray Credit Union Co-Operative Ltd,,,
Greater Building Society Ltd,,,
Heritage Bank Ltd,,,
Heritage Isle Credit Union Ltd,,,
Holiday Coast Credit Union Ltd,,,
Horizon Credit Union Ltd,,,
Hume Bank Ltd,,,
Hunter United Employees’ Credit Union Ltd t/a Hunter United,,,
IMB Limited,,,
Intech Credit Union Ltd,,,
Laboratories Credit Union Ltd,,,
Latvian Australian Credit Co-Operative Society Ltd,,,
Lysaght Credit Union Ltd,,,
Macarthur Credit Union Ltd (t/a The Mac),,,
Macquarie Credit Union Ltd,,,
Maitland Mutual Building Society Ltd (t/a The Mutual),,,
Maleny Credit Union Ltd,,,
"Maritime, Mining & Power Credit Union Ltd",,,
mecu Limited (t/a Bank Australia),,,
My Credit Union Ltd,,,
Northern Inland Credit Union Ltd,,,
Nova Credit Union Ltd,,,
Orange Credit Union Ltd,,,
Police Financial Services Limited (t/a BankVic),,,
Police Bank Ltd,,,
Police & Nurses Ltd,,,
Police Credit Union Ltd,,,
Pulse Credit Union Ltd,,,
QPCU Ltd T/A QBANK,,,
Quay Credit Union Ltd,,,
Queensland Country Credit Union Ltd,,,
Queensland Professional Credit Union Ltd (t/a Your Credit Union),,,
Queenslanders Credit Union Ltd,,,
Railways Credit Union Ltd (t/a myMOVE),,,
Regional Australia Bank,,,
SGE Mutual Ltd (t/a G&C Mutual Bank),,,
South West Slopes Credit Union Ltd,,,
Southern Cross Credit Union Ltd,,,
South-West Credit Union Co-Operative Ltd,,,
Summerland Credit Union Ltd,,,
Sutherland Credit Union Ltd,,,
Sydney Credit Union Ltd,,,
Teachers Mutual Bank Limited,,,
The Capricornian Ltd,,,
Traditional Credit Union Ltd,,,
Transcomm Credit Co-Operative Ltd,,,
Transport Mutual Credit Union Ltd,,,
Victorian Teachers Mutual Bank Ltd (t/a Bank First),,,
Warwick Credit Union Ltd,,,
WAW Credit Union Co-Operative Ltd,,,
Woolworths Employees Credit Union Ltd,,,
Wyong Council Credit Union Ltd,,,
Austock Life,,,
Australian Friendly Society,,,
Australian Scholarships Group Friendly Society,,,
Australia Unity (parent of Lifeplan Australia Friendly Society),,,
Centuria Life,,,
Foresters Friendly Society,,,
Friendly Society Medical Association (t/a National Pharmacies),,,
KeyInvest,,,
NobleOak Life,,,
Maryvale Friendly Society,,,
Queensland Irish Association Friendly Society,,,
Sureplan Friendly Society,,,
Transport Friendly Society,,,
Victorian Friendly Societies Pharmacies Association,,,
Arab Bank Australia,Sydney,,
Bank of China (Australia),Sydney,,
"Bank of Sydney, subsidiary of Bank of Beirut",Sydney,,
Citibank Australia,Sydney,,
HSBC Bank Australia,Sydney,,
HDFC Bank Australia,Sydney,,
"ING Bank (Australia) a subsidiary of ING Group, Netherlands",Sydney,,
Rabobank Australia (a subsidiary of Rabobank Nederland from October 1994),Sydney,,
AMP Bank Limited,Sydney,,
Australia and New Zealand Banking Group Limited (ANZ),Melbourne,,
Australian Military Bank (formerly Australian Defence Credit Union),Sydney,,
Auswide Bank (formerly Wide Bay Building Society),Bundaberg,,
AWA Alliance Bank,Geelong,An alliance between AWA Mutual Limited and Bendigo and Adelaide Bank Limited,
B&E Limited (trading as Bank of us),Launceston,,
Bank Australia (formerly bankmecu),Melbourne,,
Bank of Melbourne,Melbourne,A subsidiary of Westpac Banking Corporation,
Bank of Queensland Limited,Brisbane,,
BankSA,Adelaide,A subsidiary of Westpac Banking Corporation,
Bank of Western Australia Limited (trading as Bankwest),Perth,A subsidiary of the Commonwealth Bank of Australia,
BankVic,Melbourne,,
BDCU Alliance Bank,Bowral,An alliance between BDCU Limited and Bendigo and Adelaide Bank Limited,
Bendigo and Adelaide Bank Limited,Bendigo,,
Border Bank,Sydney,A division of Police Bank,
BOQ Specialist,Brisbane,A division of Bank of Queensland Limited,
CIRCLE Alliance Bank,Deer Park,An alliance between CIRCLE Mutual Limited and Bendigo and Adelaide Bank Limited,
Commonwealth Bank of Australia,Sydney,,
Community CPS Australia Limited (trading as Beyond Bank Australia),Adelaide,,
Community Mutual Limited (trading as Regional Australia Bank),Armidale,,
Community Sector Banking,,"A subsidiary of Community Sector Enterprises, which is a 50/50 joint venture between Bendigo and Adelaide Bank and Community 21 Limited",
Defence Bank,Melbourne,,
Delphi Bank (formerly Bank of Cyprus Australia Limited),Melbourne,A division of Bendigo and Adelaide Bank Limited,
Esanda,Melbourne,A subsidiary of the Macquarie Group,
Firefighters Mutual Bank,Sydney,A division of Teachers Mutual Bank Limited,
G&C Mutual Bank,Sydney,,
Greater Bank,Newcastle,,
Heritage Bank,Toowoomba,,
Hume Bank,Albury,,
IMB Bank,Wollongong,,
Judo Bank,Melbourne,,
Macquarie Bank Limited,Sydney,Owned by Macquarie Group Limited,
Members Equity Bank Limited (trading as ME Bank),Melbourne,,
MyState Bank,Hobart,,
National Australia Bank Limited (NAB),Melbourne,,
Police & Nurses Ltd (trading as P&N Bank),Perth,,
Police Bank,Sydney,,
QPCU limited (trading as QBANK),Brisbane,,
Qudos Mutual Limited (trading as Qudos Bank),Sydney,,
RACQ Bank,Brisbane,Owned by the Royal Automobile Club of Queensland (RACQ),
Reliance Bank,Sydney,A division of Unity Bank Limited,
RSL Money,Sydney,A business name of Australian Military Bank,
Rural Bank Limited,Melbourne,A subsidiary of Bendigo and Adelaide Bank Limited,
SERVICE ONE Alliance Bank,Canberra,An alliance between SERVICE ONE Mutual Limited and Bendigo and Adelaide Bank Limited,
St.George Bank Limited,Sydney,A subsidiary of Westpac Banking Corporation,
Suncorp Bank,Brisbane,A subsidiary of Suncorp Group,
Teachers Mutual Bank Limited,Sydney,,
The Rock,Rockhampton,A division of MyState Bank Limited,
Tyro Payments,Sydney,,
Victoria Teachers Ltd (trading as Victoria Teachers Mutual Bank),Melbourne,,
UBank,Melbourne,A division of National Australia Bank Limited (NAB),
UniBank,Nedlands,A division of Teachers Mutual Bank Limited,
Unity Bank Limited,Sydney,,
Up Bank,Online bank,Bendigo & Adelaide Bank,
Westpac Banking Corporation,Sydney,,
Volt Bank,Online bank,,
86 400 Bank,Online bank,,
Arab Bank Australia Ltd,Sydney,,
Bank of China (Australia) Ltd,Sydney,,
Bank of Sydney Ltd,Sydney,,
HSBC Bank Australia Ltd,Sydney,,
Citibank Australia and Citi,Sydney,,
ING Bank (Australia) Ltd (trading as ING Direct),Sydney,,
Rabobank Australia Limited,Sydney,,
QBANK,,,
Illawarra Credit Union,,,
Western City Credit Union,,,
Catalyst,,,
People's Choice Credit Union,,,
ASL,,,
Hunter United,,,
The Mac,,,
The Mutual,,,
Your Credit Union,,,
myMOVE,,,
Lifeplan Australia Friendly Society,,,
National Pharmacies,,,